CONDUCT CIVIL CONSTRUCTION WATER VEHICLE OPERATIONS,RIIMPO326E
CONDUCT SCRAPER OPERATIONS,RIIMPO312E
CONDUCT TIP TRUCK OPERATIONS,RIIVEH304E
CONDUCT CIVIL CONSTRUCTION TELESCOPIC MATERIAL HANDLER OPERATIONS,RIIHAN309F
CONDUCT RIGID HAUL TRUCK OPERATIONS,RIIMPO338E
CONDUCT CIVIL CONSTRUCTION BACKHOE / LOADER OPERATIONS,RIIMPO319E
CONDUCT CIVIL CONSTRUCTION EXCAVATOR OPERATIONS,RIIMPO320F
Conduct Articulated Haul Truck Operations,RIIMPO337E
Conduct Civil Construction Wheeled Front End Loader Operations,RIIMPO321F
Conduct Civil Construction Dozer Operations,RIIMPO323E
Conduct Civil Construction Skid Steer Loader Operations,RIIMPO318F
CONDUCT BULK WATER TRUCK OPERATIONS,RIIMPO206D
CONDUCT CIVIL CONSTRUCTION ROLLER OPERATIONS,RIIMPO317F
